Name,Time
joker.19:23:10
joker.19:29:48
DOWNLOAD1.19:29:58
DOWNLOAD1.19:30:01
DOWNLOAD1.19:30:02
DOWNLOAD1.19:30:10
DOWNLOAD1.19:30:12
DOWNLOAD1.19:30:13
DOWNLOAD1.19:30:14
DOWNLOAD1.19:30:14
DOWNLOAD1.19:30:15
DOWNLOAD1.19:30:17
DOWNLOAD1.19:30:18
DOWNLOAD1.19:30:18
DOWNLOAD1.19:30:19
DOWNLOAD1.19:30:20
DOWNLOAD1.19:30:21
DOWNLOAD1.19:30:22
DOWNLOAD1.19:30:23
DOWNLOAD1.19:30:24
DOWNLOAD1.19:30:25
DOWNLOAD1.19:30:26
DOWNLOAD1.19:30:27
DOWNLOAD1.19:30:27
DOWNLOAD1.19:30:29
DOWNLOAD1.19:30:30
DOWNLOAD1.19:30:30
DOWNLOAD1.19:30:31
DOWNLOAD1.19:30:32
joker.19:31:12
DOWNLOAD1.19:31:20
DOWNLOAD1.19:31:21
DOWNLOAD1.19:31:22
DOWNLOAD1.19:31:24
DOWNLOAD1.19:31:25
BATMANJOKERHEATHLEDGER_1.19:31:25
DOWNLOAD1.19:31:27
DOWNLOAD1.19:31:28
DOWNLOAD1.19:31:29
DOWNLOAD1.19:31:30
DOWNLOAD1.19:31:30
DOWNLOAD1.19:31:32
DOWNLOAD1.19:31:33
joker,19:33:38
DOWNLOAD1,19:33:47
BATMANJOKERHEATHLEDGER_1,20:09:31
DOWNLOAD,20:11:25
CAP,20:13:48